{
  "z-ofs-r": -0.3500000238418579,
  "roty-ofs-l": -0.03141617774963379,
  "punch_dist": 0.10000000149011612,
  "x-ofs-l": 0,
  "qz-ofs-l": 0.011106839403510094,
  "z-ofs-l": -0.3500000238418579,
  "y-CD-l": 12.114999771118164,
  "roty-ofs-r": 0.03141617774963379,
  "y-CD-r": 12.114999771118164,
  "x-ofs-r": 0,
  "qz-ofs-r": -0.011106839403510094,
  "qx-ofs-l": 0.7070195078849792,
  "type_interaction": "saber",
  "qx-ofs-r": 0.7070195078849792,
  "rotz-ofs-r": 0,
  "x-CD-r": 10,
  "rotx-ofs-l": 1.570796251296997,
  "y-ofs-r": -0.40000003576278687,
  "rotz-ofs-l": 0,
  "saber_rot": 25.2549991607666,
  "x-CD-l": 10,
  "y-ofs-l": -0.40000003576278687,
  "z-CD-r": 3,
  "qy-ofs-r": 0.011106840334832668,
  "qw-ofs-l": 0.707019567489624,
  "qw-ofs-r": 0.707019567489624,
  "z-CD-l": 3,
  "qy-ofs-l": -0.011106840334832668,
  "rotx-ofs-r": 1.570796251296997
}