{
  "z-ofs-r": 0.25999999046325684,
  "roty-ofs-l": 0.18849539756774902,
  "punch_dist": 0.10000000149011612,
  "x-ofs-l": -0.010000050067901611,
  "qz-ofs-l": 0.046897292137145996,
  "z-ofs-l": 0.25999999046325684,
  "y-CD-l": 10,
  "roty-ofs-r": -0.18849539756774902,
  "y-CD-r": 10,
  "x-ofs-r": 0.009999990463256836,
  "qz-ofs-r": -0.046897292137145996,
  "qx-ofs-l": -0.004433095455169678,
  "type_interaction": "saber",
  "qx-ofs-r": -0.004433095455169678,
  "rotz-ofs-r": -0.09424757957458496,
  "x-CD-r": 3,
  "rotx-ofs-l": 0,
  "y-ofs-r": 0.41999995708465576,
  "rotz-ofs-l": 0.09424757957458496,
  "saber_rot": 10,
  "x-CD-l": 3,
  "y-ofs-l": 0.41999995708465576,
  "z-CD-r": 3,
  "qy-ofs-r": -0.09400375932455063,
  "qw-ofs-l": 0.9944567680358887,
  "qw-ofs-r": 0.9944567680358887,
  "z-CD-l": 3,
  "qy-ofs-l": 0.09400375932455063,
  "rotx-ofs-r": 0
}