{
  "z-ofs-r": 0.2799999713897705,
  "roty-ofs-l": -0.4712390899658203,
  "punch_dist": 0.6000000238418579,
  "x-ofs-l": -0.06000000238418579,
  "qz-ofs-l": 0.5508520007133484,
  "z-ofs-l": 0.2799999713897705,
  "y-CD-l": 3.0399999618530273,
  "roty-ofs-r": 0.4712393283843994,
  "y-CD-r": 3.0399999618530273,
  "x-ofs-r": 0.059999942779541016,
  "qz-ofs-r": -0.5508520603179932,
  "qx-ofs-l": -0.003423333168029785,
  "type_interaction": "go-go",
  "qx-ofs-r": -0.0034232288599014282,
  "rotz-ofs-r": -1.3194688558578491,
  "x-CD-r": 3.0199999809265137,
  "rotx-ofs-l": -0.37699103355407715,
  "y-ofs-r": 0.23000001907348633,
  "rotz-ofs-l": 1.3194687366485596,
  "x-CD-l": 3.0199999809265137,
  "y-ofs-l": 0.23000001907348633,
  "z-CD-r": 4.039999961853027,
  "qy-ofs-r": 0.29286497831344604,
  "qw-ofs-l": 0.7815244793891907,
  "qw-ofs-r": 0.7815244793891907,
  "z-CD-l": 4.039999961853027,
  "qy-ofs-l": -0.2928648889064789,
  "rotx-ofs-r": -0.37699103355407715
}