{
  "z-ofs-r": 0.3500000238418579,
  "roty-ofs-l": 0,
  "punch_dist": 0.10000000149011612,
  "x-ofs-l": 0.07999992370605469,
  "qz-ofs-l": 0,
  "z-ofs-l": 0.3500000238418579,
  "y-CD-l": 3,
  "roty-ofs-r": 0,
  "y-CD-r": 3,
  "x-ofs-r": -0.07999992370605469,
  "qz-ofs-r": 0,
  "qx-ofs-l": 0,
  "type_interaction": "go-go",
  "qx-ofs-r": 0,
  "rotz-ofs-r": 0,
  "x-CD-r": 3.5999999046325684,
  "rotx-ofs-l": 0,
  "y-ofs-r": 0.1499999761581421,
  "rotz-ofs-l": 0,
  "x-CD-l": 3.5999999046325684,
  "y-ofs-l": 0.1499999761581421,
  "z-CD-r": 3.919999837875366,
  "qy-ofs-r": 0,
  "qw-ofs-l": 1,
  "qw-ofs-r": 1,
  "z-CD-l": 3.919999837875366,
  "qy-ofs-l": 0,
  "rotx-ofs-r": 0
}