{
  "z-ofs-r": 0.2799999713897705,
  "roty-ofs-l": 0,
  "punch_dist": 0.6000000238418579,
  "x-ofs-l": 0,
  "qz-ofs-l": 0,
  "z-ofs-l": 0.2799999713897705,
  "y-CD-l": 4.260000228881836,
  "roty-ofs-r": 0,
  "y-CD-r": 4.260000228881836,
  "x-ofs-r": 0,
  "qz-ofs-r": 0,
  "qx-ofs-l": 0,
  "type_interaction": "go-go",
  "qx-ofs-r": 0,
  "rotz-ofs-r": 0,
  "x-CD-r": 2.5399999618530273,
  "rotx-ofs-l": 0,
  "y-ofs-r": 0,
  "rotz-ofs-l": 0,
  "x-CD-l": 2.5399999618530273,
  "y-ofs-l": 0,
  "z-CD-r": 5,
  "qy-ofs-r": 0,
  "qw-ofs-l": 1,
  "qw-ofs-r": 1,
  "z-CD-l": 5,
  "qy-ofs-l": 0,
  "rotx-ofs-r": 0
}